and,1556,344,0.042816653,0.095901868,1
was,913,118,0.025123139,0.032896571,1
is,658,88,0.018106271,0.024533036,1
with,442,62,0.012162571,0.017284639,1
were,306,60,0.008420242,0.01672707,1
which,161,57,0.004430258,0.015890716,1
are,273,48,0.007512176,0.013381656,1
on,354,47,0.009741064,0.013102871,1
that,431,45,0.011859883,0.012545302,1
or,152,40,0.004182604,0.01115138,1
we,308,36,0.008475276,0.010036242,1
as,235,24,0.006466525,0.006690828,1
here,212,22,0.005833631,0.006133259,1
instead,24,11,0.000660411,0.003066629,1
time,105,11,0.002889299,0.003066629,1
definitely,67,10,0.001843648,0.002787845,1
menu,81,10,0.002228887,0.002787845,1
came,69,9,0.001898682,0.00250906,1
will,77,9,0.002118819,0.00250906,1
bar,50,8,0.001375856,0.002230276,1
chicken,72,8,0.001981233,0.002230276,1
dish,25,8,0.000687928,0.002230276,1
dishes,26,8,0.000715445,0.002230276,1
fries,44,7,0.001210754,0.001951491,1
items,25,7,0.000687928,0.001951491,1
sandwich,36,7,0.000990617,0.001951491,1
before,46,6,0.001265788,0.001672707,1
meal,47,6,0.001293305,0.001672707,1
taste,46,6,0.001265788,0.001672707,1
better,50,5,0.001375856,0.001393922,1
different,41,5,0.001128202,0.001393922,1
lemonade,6,5,0.000165103,0.001393922,1
meat,43,5,0.001183237,0.001393922,1
reason,16,5,0.000440274,0.001393922,1
soup,33,5,0.000908065,0.001393922,1
sushi,18,5,0.000495308,0.001393922,1
tea,37,5,0.001018134,0.001393922,1
thing,37,5,0.001018134,0.001393922,1
things,24,5,0.000660411,0.001393922,1
any,40,4,0.001100685,0.001115138,1
beef,23,4,0.000632894,0.001115138,1
benedict,6,4,0.000165103,0.001115138,1
bf,6,4,0.000165103,0.001115138,1
both,29,4,0.000797997,0.001115138,1
decided,32,4,0.000880548,0.001115138,1
everything,28,4,0.00077048,0.001115138,1
fried,27,4,0.000742962,0.001115138,1
green,24,4,0.000660411,0.001115138,1
look,20,4,0.000550343,0.001115138,1
noodle,22,4,0.000605377,0.001115138,1
noodles,31,4,0.000853031,0.001115138,1
places,26,4,0.000715445,0.001115138,1
tomato,16,4,0.000440274,0.001115138,1
add,10,3,0.000275171,0.000836353,1
appetizer,14,3,0.00038524,0.000836353,1
bacon,14,3,0.00038524,0.000836353,1
based,11,3,0.000302688,0.000836353,1
bubble,4,3,0.000110069,0.000836353,1
cake,23,3,0.000632894,0.000836353,1
choices,11,3,0.000302688,0.000836353,1
crispy,17,3,0.000467791,0.000836353,1
doesnt,20,3,0.000550343,0.000836353,1
egg,7,3,0.00019262,0.000836353,1
eggs,17,3,0.000467791,0.000836353,1
elsewhere,5,3,0.000137586,0.000836353,1
flavours,11,3,0.000302688,0.000836353,1
given,20,3,0.000550343,0.000836353,1
glutenfree,12,3,0.000330206,0.000836353,1
high,22,3,0.000605377,0.000836353,1
hit,12,3,0.000330206,0.000836353,1
house,17,3,0.000467791,0.000836353,1
however,16,3,0.000440274,0.000836353,1
itself,12,3,0.000330206,0.000836353,1
joint,12,3,0.000330206,0.000836353,1
kitchen,15,3,0.000412757,0.000836353,1
light,15,3,0.000412757,0.000836353,1
mayo,6,3,0.000165103,0.000836353,1
onion,16,3,0.000440274,0.000836353,1
option,23,3,0.000632894,0.000836353,1
regular,25,3,0.000687928,0.000836353,1
rice,30,3,0.000825514,0.000836353,1
rolls,13,3,0.000357723,0.000836353,1
room,30,3,0.000825514,0.000836353,1
shop,14,3,0.00038524,0.000836353,1
shops,7,3,0.00019262,0.000836353,1
spicy,25,3,0.000687928,0.000836353,1
store,17,3,0.000467791,0.000836353,1
typically,5,3,0.000137586,0.000836353,1
vegan,8,3,0.000220137,0.000836353,1
waffles,10,3,0.000275171,0.000836353,1
walked,17,3,0.000467791,0.000836353,1
yes,6,3,0.000165103,0.000836353,1
absolutely,6,2,0.000165103,0.000557569,1
added,11,2,0.000302688,0.000557569,1
adds,5,2,0.000137586,0.000557569,1
arrived,11,2,0.000302688,0.000557569,1
baked,9,2,0.000247654,0.000557569,1
base,3,2,8.25514E-05,0.000557569,1
basil,9,2,0.000247654,0.000557569,1
beautiful,8,2,0.000220137,0.000557569,1
belly,9,2,0.000247654,0.000557569,1
bistro,3,2,8.25514E-05,0.000557569,1
burgers,12,2,0.000330206,0.000557569,1
butter,9,2,0.000247654,0.000557569,1
cakes,6,2,0.000165103,0.000557569,1
care,12,2,0.000330206,0.000557569,1
check,14,2,0.00038524,0.000557569,1
cheddar,4,2,0.000110069,0.000557569,1
chewy,6,2,0.000165103,0.000557569,1
coconut,6,2,0.000165103,0.000557569,1
combination,8,2,0.000220137,0.000557569,1
combo,5,2,0.000137586,0.000557569,1
comes,20,2,0.000550343,0.000557569,1
cute,9,2,0.000247654,0.000557569,1
dan,7,2,0.00019262,0.000557569,1
deep,7,2,0.00019262,0.000557569,1
dim,6,2,0.000165103,0.000557569,1
dog,16,2,0.000440274,0.000557569,1
dominance,2,2,5.50343E-05,0.000557569,1
easier,2,2,5.50343E-05,0.000557569,1
enchilada,4,2,0.000110069,0.000557569,1
etc,8,2,0.000220137,0.000557569,1
everyone,17,2,0.000467791,0.000557569,1
fat,9,2,0.000247654,0.000557569,1
finally,14,2,0.00038524,0.000557569,1
flavored,2,2,5.50343E-05,0.000557569,1
fountain,3,2,8.25514E-05,0.000557569,1
ginger,2,2,5.50343E-05,0.000557569,1
grilled,15,2,0.000412757,0.000557569,1
guess,19,2,0.000522825,0.000557569,1
heavy,6,2,0.000165103,0.000557569,1
humans,2,2,5.50343E-05,0.000557569,1
hurts,2,2,5.50343E-05,0.000557569,1
ice,16,2,0.000440274,0.000557569,1
left,20,2,0.000550343,0.000557569,1
lemongrass,3,2,8.25514E-05,0.000557569,1
less,16,2,0.000440274,0.000557569,1
lettuce,4,2,0.000110069,0.000557569,1
lobster,3,2,8.25514E-05,0.000557569,1
located,8,2,0.000220137,0.000557569,1
lovers,2,2,5.50343E-05,0.000557569,1
makes,16,2,0.000440274,0.000557569,1
making,15,2,0.000412757,0.000557569,1
mall,13,2,0.000357723,0.000557569,1
may,12,2,0.000330206,0.000557569,1
milk,8,2,0.000220137,0.000557569,1
mix,10,2,0.000275171,0.000557569,1
monday,3,2,8.25514E-05,0.000557569,1
monstrosity,2,2,5.50343E-05,0.000557569,1
mousse,5,2,0.000137586,0.000557569,1
nachos,10,2,0.000275171,0.000557569,1
old,19,2,0.000522825,0.000557569,1
once,16,2,0.000440274,0.000557569,1
onions,10,2,0.000275171,0.000557569,1
original,6,2,0.000165103,0.000557569,1
outside,18,2,0.000495308,0.000557569,1
parmesan,9,2,0.000247654,0.000557569,1
party,14,2,0.00038524,0.000557569,1
peach,4,2,0.000110069,0.000557569,1
per,2,2,5.50343E-05,0.000557569,1
pho,6,2,0.000165103,0.000557569,1
plain,6,2,0.000165103,0.000557569,1
plank,2,2,5.50343E-05,0.000557569,1
playing,5,2,0.000137586,0.000557569,1
plus,7,2,0.00019262,0.000557569,1
po,4,2,0.000110069,0.000557569,1
provided,5,2,0.000137586,0.000557569,1
ramen,10,2,0.000275171,0.000557569,1
reservation,14,2,0.00038524,0.000557569,1
reservations,11,2,0.000302688,0.000557569,1
rings,7,2,0.00019262,0.000557569,1
roll,9,2,0.000247654,0.000557569,1
rolled,5,2,0.000137586,0.000557569,1
salmon,8,2,0.000220137,0.000557569,1
salsa,11,2,0.000302688,0.000557569,1
sandwiches,7,2,0.00019262,0.000557569,1
says,6,2,0.000165103,0.000557569,1
scallops,2,2,5.50343E-05,0.000557569,1
section,5,2,0.000137586,0.000557569,1
selection,19,2,0.000522825,0.000557569,1
serve,8,2,0.000220137,0.000557569,1
sins,2,2,5.50343E-05,0.000557569,1
sizes,9,2,0.000247654,0.000557569,1
slow,8,2,0.000220137,0.000557569,1
smaller,7,2,0.00019262,0.000557569,1
smothered,7,2,0.00019262,0.000557569,1
soft,9,2,0.000247654,0.000557569,1
spots,3,2,8.25514E-05,0.000557569,1
style,14,2,0.00038524,0.000557569,1
supposed,3,2,8.25514E-05,0.000557569,1
tasted,17,2,0.000467791,0.000557569,1
tastes,8,2,0.000220137,0.000557569,1
terrible,11,2,0.000302688,0.000557569,1
toast,10,2,0.000275171,0.000557569,1
today,9,2,0.000247654,0.000557569,1
topped,7,2,0.00019262,0.000557569,1
totally,9,2,0.000247654,0.000557569,1
trays,4,2,0.000110069,0.000557569,1
tuna,6,2,0.000165103,0.000557569,1
twice,8,2,0.000220137,0.000557569,1
upon,13,2,0.000357723,0.000557569,1
usually,17,2,0.000467791,0.000557569,1
version,6,2,0.000165103,0.000557569,1
walk,15,2,0.000412757,0.000557569,1
weekend,6,2,0.000165103,0.000557569,1
weird,13,2,0.000357723,0.000557569,1
wild,5,2,0.000137586,0.000557569,1
without,17,2,0.000467791,0.000557569,1
yet,7,2,0.00019262,0.000557569,1
youll,14,2,0.00038524,0.000557569,1
yourself,12,2,0.000330206,0.000557569,1
abide,2,1,5.50343E-05,0.000278784,1
accommodate,2,1,5.50343E-05,0.000278784,1
activity,2,1,5.50343E-05,0.000278784,1
addict,1,1,2.75171E-05,0.000278784,1
addition,1,1,2.75171E-05,0.000278784,1
affirmation,2,1,5.50343E-05,0.000278784,1
afternoon,7,1,0.00019262,0.000278784,1
aftertaste,1,1,2.75171E-05,0.000278784,1
ahi,2,1,5.50343E-05,0.000278784,1
ahwatukee,1,1,2.75171E-05,0.000278784,1
aioli,3,1,8.25514E-05,0.000278784,1
al,1,1,2.75171E-05,0.000278784,1
almond,3,1,8.25514E-05,0.000278784,1
alone,7,1,0.00019262,0.000278784,1
altogether,1,1,2.75171E-05,0.000278784,1
answer,1,1,2.75171E-05,0.000278784,1
anymore,3,1,8.25514E-05,0.000278784,1
apartment,1,1,2.75171E-05,0.000278784,1
apples,2,1,5.50343E-05,0.000278784,1
applicable,1,1,2.75171E-05,0.000278784,1
arguably,1,1,2.75171E-05,0.000278784,1
aromatics,2,1,5.50343E-05,0.000278784,1
art,3,1,8.25514E-05,0.000278784,1
assuming,2,1,5.50343E-05,0.000278784,1
asu,4,1,0.000110069,0.000278784,1
authentic,4,1,0.000110069,0.000278784,1
avocado,6,1,0.000165103,0.000278784,1
baby,3,1,8.25514E-05,0.000278784,1
bakery,3,1,8.25514E-05,0.000278784,1
banana,5,1,0.000137586,0.000278784,1
barburrito,2,1,5.50343E-05,0.000278784,1
barrel,1,1,2.75171E-05,0.000278784,1
bars,3,1,8.25514E-05,0.000278784,1
bashas,1,1,2.75171E-05,0.000278784,1
batter,1,1,2.75171E-05,0.000278784,1
bbq,7,1,0.00019262,0.000278784,1
beers,5,1,0.000137586,0.000278784,1
behind,6,1,0.000165103,0.000278784,1
beware,2,1,5.50343E-05,0.000278784,1
bites,4,1,0.000110069,0.000278784,1
bits,2,1,5.50343E-05,0.000278784,1
bloody,3,1,8.25514E-05,0.000278784,1
blown,3,1,8.25514E-05,0.000278784,1
blueberry,3,1,8.25514E-05,0.000278784,1
boa,4,1,0.000110069,0.000278784,1
boiled,1,1,2.75171E-05,0.000278784,1
bone,5,1,0.000137586,0.000278784,1
bowls,3,1,8.25514E-05,0.000278784,1
boy,5,1,0.000137586,0.000278784,1
boys,2,1,5.50343E-05,0.000278784,1
brands,1,1,2.75171E-05,0.000278784,1
break,6,1,0.000165103,0.000278784,1
brimstone,1,1,2.75171E-05,0.000278784,1
brisket,5,1,0.000137586,0.000278784,1
broth,8,1,0.000220137,0.000278784,1
building,5,1,0.000137586,0.000278784,1
bulgogi,4,1,0.000110069,0.000278784,1
buns,1,1,2.75171E-05,0.000278784,1
buttermilk,4,1,0.000110069,0.000278784,1
bypass,1,1,2.75171E-05,0.000278784,1
ca,3,1,8.25514E-05,0.000278784,1
cabbage,4,1,0.000110069,0.000278784,1
caesar,3,1,8.25514E-05,0.000278784,1
cafe,8,1,0.000220137,0.000278784,1
calamari,2,1,5.50343E-05,0.000278784,1
capital,1,1,2.75171E-05,0.000278784,1
carbonara,2,1,5.50343E-05,0.000278784,1
carne,3,1,8.25514E-05,0.000278784,1
carrot,4,1,0.000110069,0.000278784,1
carry,3,1,8.25514E-05,0.000278784,1
casa,1,1,2.75171E-05,0.000278784,1
cashier,3,1,8.25514E-05,0.000278784,1
cast,1,1,2.75171E-05,0.000278784,1
catching,1,1,2.75171E-05,0.000278784,1
catering,3,1,8.25514E-05,0.000278784,1
certain,3,1,8.25514E-05,0.000278784,1
changed,4,1,0.000110069,0.000278784,1
charged,4,1,0.000110069,0.000278784,1
checked,7,1,0.00019262,0.000278784,1
cheeseburger,2,1,5.50343E-05,0.000278784,1
cheesy,5,1,0.000137586,0.000278784,1
chef,4,1,0.000110069,0.000278784,1
chevos,1,1,2.75171E-05,0.000278784,1
chile,2,1,5.50343E-05,0.000278784,1
chill,3,1,8.25514E-05,0.000278784,1
chinese,4,1,0.000110069,0.000278784,1
chives,1,1,2.75171E-05,0.000278784,1
chop,1,1,2.75171E-05,0.000278784,1
chopped,1,1,2.75171E-05,0.000278784,1
chunky,1,1,2.75171E-05,0.000278784,1
city,6,1,0.000165103,0.000278784,1
classy,2,1,5.50343E-05,0.000278784,1
clouds,1,1,2.75171E-05,0.000278784,1
college,1,1,2.75171E-05,0.000278784,1
combinations,5,1,0.000137586,0.000278784,1
communal,2,1,5.50343E-05,0.000278784,1
communitythe,1,1,2.75171E-05,0.000278784,1
complements,1,1,2.75171E-05,0.000278784,1
concept,2,1,5.50343E-05,0.000278784,1
concoctions,1,1,2.75171E-05,0.000278784,1
considering,9,1,0.000247654,0.000278784,1
consisted,3,1,8.25514E-05,0.000278784,1
consistently,8,1,0.000220137,0.000278784,1
convenient,6,1,0.000165103,0.000278784,1
converted,2,1,5.50343E-05,0.000278784,1
cooked,10,1,0.000275171,0.000278784,1
cordon,1,1,2.75171E-05,0.000278784,1
cost,6,1,0.000165103,0.000278784,1
costs,1,1,2.75171E-05,0.000278784,1
cough,1,1,2.75171E-05,0.000278784,1
couture,1,1,2.75171E-05,0.000278784,1
crab,4,1,0.000110069,0.000278784,1
craptastic,1,1,2.75171E-05,0.000278784,1
creme,6,1,0.000165103,0.000278784,1
crunchy,4,1,0.000110069,0.000278784,1
curds,3,1,8.25514E-05,0.000278784,1
cutter,2,1,5.50343E-05,0.000278784,1
dated,3,1,8.25514E-05,0.000278784,1
dealwill,1,1,2.75171E-05,0.000278784,1
declarations,1,1,2.75171E-05,0.000278784,1
decoration,1,1,2.75171E-05,0.000278784,1
defines,1,1,2.75171E-05,0.000278784,1
delirious,1,1,2.75171E-05,0.000278784,1
delivered,5,1,0.000137586,0.000278784,1
delivery,8,1,0.000220137,0.000278784,1
describe,3,1,8.25514E-05,0.000278784,1
description,3,1,8.25514E-05,0.000278784,1
diabetic,1,1,2.75171E-05,0.000278784,1
diner,5,1,0.000137586,0.000278784,1
disgusting,2,1,5.50343E-05,0.000278784,1
display,2,1,5.50343E-05,0.000278784,1
dissapointed,1,1,2.75171E-05,0.000278784,1
district,4,1,0.000110069,0.000278784,1
dogs,3,1,8.25514E-05,0.000278784,1
doing,7,1,0.00019262,0.000278784,1
doityourself,1,1,2.75171E-05,0.000278784,1
dollar,10,1,0.000275171,0.000278784,1
dolsot,1,1,2.75171E-05,0.000278784,1
door,8,1,0.000220137,0.000278784,1
double,6,1,0.000165103,0.000278784,1
drawn,2,1,5.50343E-05,0.000278784,1
dressingtype,1,1,2.75171E-05,0.000278784,1
dried,5,1,0.000137586,0.000278784,1
drinking,6,1,0.000165103,0.000278784,1
drowning,1,1,2.75171E-05,0.000278784,1
duck,9,1,0.000247654,0.000278784,1
duh,1,1,2.75171E-05,0.000278784,1
dysfunctional,1,1,2.75171E-05,0.000278784,1
earlier,1,1,2.75171E-05,0.000278784,1
early,5,1,0.000137586,0.000278784,1
easily,7,1,0.00019262,0.000278784,1
east,3,1,8.25514E-05,0.000278784,1
eaters,3,1,8.25514E-05,0.000278784,1
eba,5,1,0.000137586,0.000278784,1
eggplant,8,1,0.000220137,0.000278784,1
ended,9,1,0.000247654,0.000278784,1
ends,5,1,0.000137586,0.000278784,1
ensure,1,1,2.75171E-05,0.000278784,1
entrance,6,1,0.000165103,0.000278784,1
equation,1,1,2.75171E-05,0.000278784,1
equivalent,2,1,5.50343E-05,0.000278784,1
ethiopian,2,1,5.50343E-05,0.000278784,1
everyday,2,1,5.50343E-05,0.000278784,1
exceptional,2,1,5.50343E-05,0.000278784,1
exchange,1,1,2.75171E-05,0.000278784,1
exhibitionist,1,1,2.75171E-05,0.000278784,1
expect,10,1,0.000275171,0.000278784,1
explore,1,1,2.75171E-05,0.000278784,1
express,3,1,8.25514E-05,0.000278784,1
eyes,3,1,8.25514E-05,0.000278784,1
failed,2,1,5.50343E-05,0.000278784,1
fancy,6,1,0.000165103,0.000278784,1
fans,1,1,2.75171E-05,0.000278784,1
fave,1,1,2.75171E-05,0.000278784,1
favour,1,1,2.75171E-05,0.000278784,1
feed,2,1,5.50343E-05,0.000278784,1
felt,8,1,0.000220137,0.000278784,1
fest,1,1,2.75171E-05,0.000278784,1
fiend,1,1,2.75171E-05,0.000278784,1
fig,1,1,2.75171E-05,0.000278784,1
filled,4,1,0.000110069,0.000278784,1
filling,10,1,0.000275171,0.000278784,1
firmly,1,1,2.75171E-05,0.000278784,1
fivestar,2,1,5.50343E-05,0.000278784,1
fix,5,1,0.000137586,0.000278784,1
flat,5,1,0.000137586,0.000278784,1
flavoured,2,1,5.50343E-05,0.000278784,1
flavourful,4,1,0.000110069,0.000278784,1
float,1,1,2.75171E-05,0.000278784,1
floating,2,1,5.50343E-05,0.000278784,1
flour,3,1,8.25514E-05,0.000278784,1
fondue,1,1,2.75171E-05,0.000278784,1
foods,8,1,0.000220137,0.000278784,1
forget,4,1,0.000110069,0.000278784,1
forgotten,4,1,0.000110069,0.000278784,1
form,3,1,8.25514E-05,0.000278784,1
fruits,3,1,8.25514E-05,0.000278784,1
fryer,2,1,5.50343E-05,0.000278784,1
fucking,4,1,0.000110069,0.000278784,1
fundido,3,1,8.25514E-05,0.000278784,1
gained,1,1,2.75171E-05,0.000278784,1
gates,2,1,5.50343E-05,0.000278784,1
generic,5,1,0.000137586,0.000278784,1
german,2,1,5.50343E-05,0.000278784,1
gigando,2,1,5.50343E-05,0.000278784,1
girlfriend,9,1,0.000247654,0.000278784,1
girlfriends,3,1,8.25514E-05,0.000278784,1
girls,3,1,8.25514E-05,0.000278784,1
glasses,3,1,8.25514E-05,0.000278784,1
glow,1,1,2.75171E-05,0.000278784,1
goes,9,1,0.000247654,0.000278784,1
goodness,3,1,8.25514E-05,0.000278784,1
gotten,8,1,0.000220137,0.000278784,1
grass,1,1,2.75171E-05,0.000278784,1
grater,1,1,2.75171E-05,0.000278784,1
gummy,2,1,5.50343E-05,0.000278784,1
hadnt,6,1,0.000165103,0.000278784,1
halfway,2,1,5.50343E-05,0.000278784,1
ham,1,1,2.75171E-05,0.000278784,1
happen,3,1,8.25514E-05,0.000278784,1
hash,9,1,0.000247654,0.000278784,1
haunting,1,1,2.75171E-05,0.000278784,1
heading,2,1,5.50343E-05,0.000278784,1
helped,6,1,0.000165103,0.000278784,1
helps,2,1,5.50343E-05,0.000278784,1
hey,2,1,5.50343E-05,0.000278784,1
hint,3,1,8.25514E-05,0.000278784,1
homes,1,1,2.75171E-05,0.000278784,1
hostess,5,1,0.000137586,0.000278784,1
hung,1,1,2.75171E-05,0.000278784,1
hyped,1,1,2.75171E-05,0.000278784,1
idea,10,1,0.000275171,0.000278784,1
ideal,4,1,0.000110069,0.000278784,1
imported,3,1,8.25514E-05,0.000278784,1
impress,3,1,8.25514E-05,0.000278784,1
inclined,2,1,5.50343E-05,0.000278784,1
ins,1,1,2.75171E-05,0.000278784,1
introduction,1,1,2.75171E-05,0.000278784,1
island,2,1,5.50343E-05,0.000278784,1
jack,3,1,8.25514E-05,0.000278784,1
jam,3,1,8.25514E-05,0.000278784,1
jazz,5,1,0.000137586,0.000278784,1
jellies,2,1,5.50343E-05,0.000278784,1
joe,2,1,5.50343E-05,0.000278784,1
juices,2,1,5.50343E-05,0.000278784,1
jungle,1,1,2.75171E-05,0.000278784,1
kalbi,1,1,2.75171E-05,0.000278784,1
kiddo,3,1,8.25514E-05,0.000278784,1
kidthey,1,1,2.75171E-05,0.000278784,1
kielbasa,2,1,5.50343E-05,0.000278784,1
kill,1,1,2.75171E-05,0.000278784,1
killed,1,1,2.75171E-05,0.000278784,1
kimchi,3,1,8.25514E-05,0.000278784,1
knowing,1,1,2.75171E-05,0.000278784,1
kraft,3,1,8.25514E-05,0.000278784,1
kumquat,6,1,0.000165103,0.000278784,1
kung,1,1,2.75171E-05,0.000278784,1
lack,9,1,0.000247654,0.000278784,1
ladies,5,1,0.000137586,0.000278784,1
lamb,5,1,0.000137586,0.000278784,1
latt,1,1,2.75171E-05,0.000278784,1
latte,3,1,8.25514E-05,0.000278784,1
layer,4,1,0.000110069,0.000278784,1
leaving,4,1,0.000110069,0.000278784,1
lick,3,1,8.25514E-05,0.000278784,1
lights,4,1,0.000110069,0.000278784,1
limit,1,1,2.75171E-05,0.000278784,1
list,5,1,0.000137586,0.000278784,1
listed,3,1,8.25514E-05,0.000278784,1
loud,9,1,0.000247654,0.000278784,1
loved,10,1,0.000275171,0.000278784,1
lover,2,1,5.50343E-05,0.000278784,1
lower,3,1,8.25514E-05,0.000278784,1
machine,4,1,0.000110069,0.000278784,1
mahi,2,1,5.50343E-05,0.000278784,1
maker,1,1,2.75171E-05,0.000278784,1
mallafter,1,1,2.75171E-05,0.000278784,1
mangosteens,1,1,2.75171E-05,0.000278784,1
margarita,2,1,5.50343E-05,0.000278784,1
margaritas,5,1,0.000137586,0.000278784,1
marinara,1,1,2.75171E-05,0.000278784,1
markets,1,1,2.75171E-05,0.000278784,1
marks,3,1,8.25514E-05,0.000278784,1
massive,3,1,8.25514E-05,0.000278784,1
mastered,1,1,2.75171E-05,0.000278784,1
matcha,1,1,2.75171E-05,0.000278784,1
meatball,1,1,2.75171E-05,0.000278784,1
medium,3,1,8.25514E-05,0.000278784,1
meet,3,1,8.25514E-05,0.000278784,1
mega,5,1,0.000137586,0.000278784,1
members,7,1,0.00019262,0.000278784,1
mentioned,6,1,0.000165103,0.000278784,1
menufriendly,1,1,2.75171E-05,0.000278784,1
messed,4,1,0.000110069,0.000278784,1
mi,2,1,5.50343E-05,0.000278784,1
milkshakes,1,1,2.75171E-05,0.000278784,1
milky,4,1,0.000110069,0.000278784,1
mind,7,1,0.00019262,0.000278784,1
mini,2,1,5.50343E-05,0.000278784,1
mins,8,1,0.000220137,0.000278784,1
mint,2,1,5.50343E-05,0.000278784,1
mintyin,1,1,2.75171E-05,0.000278784,1
mixed,9,1,0.000247654,0.000278784,1
mixture,2,1,5.50343E-05,0.000278784,1
monterey,1,1,2.75171E-05,0.000278784,1
month,1,1,2.75171E-05,0.000278784,1
morethere,1,1,2.75171E-05,0.000278784,1
mother,4,1,0.000110069,0.000278784,1
moves,3,1,8.25514E-05,0.000278784,1
mowed,2,1,5.50343E-05,0.000278784,1
mozzarella,5,1,0.000137586,0.000278784,1
mr,4,1,0.000110069,0.000278784,1
mtl,2,1,5.50343E-05,0.000278784,1
nearly,8,1,0.000220137,0.000278784,1
needed,6,1,0.000165103,0.000278784,1
needs,9,1,0.000247654,0.000278784,1
nephews,1,1,2.75171E-05,0.000278784,1
nifty,1,1,2.75171E-05,0.000278784,1
nights,5,1,0.000137586,0.000278784,1
nonexistent,1,1,2.75171E-05,0.000278784,1
normally,4,1,0.000110069,0.000278784,1
north,3,1,8.25514E-05,0.000278784,1
onestop,1,1,2.75171E-05,0.000278784,1
opening,4,1,0.000110069,0.000278784,1
optioni,1,1,2.75171E-05,0.000278784,1
orange,6,1,0.000165103,0.000278784,1
orca,1,1,2.75171E-05,0.000278784,1
orderit,1,1,2.75171E-05,0.000278784,1
ordertried,1,1,2.75171E-05,0.000278784,1
oregano,2,1,5.50343E-05,0.000278784,1
organic,2,1,5.50343E-05,0.000278784,1
overcooked,6,1,0.000165103,0.000278784,1
overly,10,1,0.000275171,0.000278784,1
p,1,1,2.75171E-05,0.000278784,1
palso,1,1,2.75171E-05,0.000278784,1
pan,2,1,5.50343E-05,0.000278784,1
pancakes,5,1,0.000137586,0.000278784,1
par,4,1,0.000110069,0.000278784,1
particular,6,1,0.000165103,0.000278784,1
pass,6,1,0.000165103,0.000278784,1
pastrami,1,1,2.75171E-05,0.000278784,1
pates,1,1,2.75171E-05,0.000278784,1
payed,1,1,2.75171E-05,0.000278784,1
pearls,2,1,5.50343E-05,0.000278784,1
pepper,6,1,0.000165103,0.000278784,1
perfectly,7,1,0.00019262,0.000278784,1
phos,1,1,2.75171E-05,0.000278784,1
pickled,3,1,8.25514E-05,0.000278784,1
pickles,2,1,5.50343E-05,0.000278784,1
picky,7,1,0.00019262,0.000278784,1
pieces,7,1,0.00019262,0.000278784,1
piled,3,1,8.25514E-05,0.000278784,1
pinto,2,1,5.50343E-05,0.000278784,1
pita,7,1,0.00019262,0.000278784,1
placed,4,1,0.000110069,0.000278784,1
pleased,5,1,0.000137586,0.000278784,1
plz,1,1,2.75171E-05,0.000278784,1
pm,10,1,0.000275171,0.000278784,1
porridge,1,1,2.75171E-05,0.000278784,1
portobello,1,1,2.75171E-05,0.000278784,1
powdered,2,1,5.50343E-05,0.000278784,1
prepacked,1,1,2.75171E-05,0.000278784,1
presentation,5,1,0.000137586,0.000278784,1
preservesmy,1,1,2.75171E-05,0.000278784,1
pricy,2,1,5.50343E-05,0.000278784,1
print,2,1,5.50343E-05,0.000278784,1
prior,4,1,0.000110069,0.000278784,1
products,3,1,8.25514E-05,0.000278784,1
promote,1,1,2.75171E-05,0.000278784,1
provolone,1,1,2.75171E-05,0.000278784,1
pucks,2,1,5.50343E-05,0.000278784,1
punch,1,1,2.75171E-05,0.000278784,1
purchased,4,1,0.000110069,0.000278784,1
queen,2,1,5.50343E-05,0.000278784,1
raisins,1,1,2.75171E-05,0.000278784,1
ramenthey,1,1,2.75171E-05,0.000278784,1
raw,3,1,8.25514E-05,0.000278784,1
razzle,1,1,2.75171E-05,0.000278784,1
read,5,1,0.000137586,0.000278784,1
real,9,1,0.000247654,0.000278784,1
relatively,4,1,0.000110069,0.000278784,1
remaking,1,1,2.75171E-05,0.000278784,1
reminds,3,1,8.25514E-05,0.000278784,1
repent,2,1,5.50343E-05,0.000278784,1
restaurants,9,1,0.000247654,0.000278784,1
restrictions,2,1,5.50343E-05,0.000278784,1
retro,2,1,5.50343E-05,0.000278784,1
reviewed,2,1,5.50343E-05,0.000278784,1
rightokay,1,1,2.75171E-05,0.000278784,1
rivers,1,1,2.75171E-05,0.000278784,1
roast,5,1,0.000137586,0.000278784,1
rocks,5,1,0.000137586,0.000278784,1
roti,2,1,5.50343E-05,0.000278784,1
rowthe,1,1,2.75171E-05,0.000278784,1
rub,2,1,5.50343E-05,0.000278784,1
sage,2,1,5.50343E-05,0.000278784,1
salads,8,1,0.000220137,0.000278784,1
salami,2,1,5.50343E-05,0.000278784,1
sammich,1,1,2.75171E-05,0.000278784,1
saturday,5,1,0.000137586,0.000278784,1
sausage,6,1,0.000165103,0.000278784,1
saw,7,1,0.00019262,0.000278784,1
scallions,2,1,5.50343E-05,0.000278784,1
scallop,1,1,2.75171E-05,0.000278784,1
schwarma,1,1,2.75171E-05,0.000278784,1
schwartzs,1,1,2.75171E-05,0.000278784,1
seafood,4,1,0.000110069,0.000278784,1
seal,1,1,2.75171E-05,0.000278784,1
second,10,1,0.000275171,0.000278784,1
sees,1,1,2.75171E-05,0.000278784,1
sell,8,1,0.000220137,0.000278784,1
sense,2,1,5.50343E-05,0.000278784,1
sf,1,1,2.75171E-05,0.000278784,1
shaker,1,1,2.75171E-05,0.000278784,1
shared,6,1,0.000165103,0.000278784,1
sharing,8,1,0.000220137,0.000278784,1
shawarma,3,1,8.25514E-05,0.000278784,1
sheep,1,1,2.75171E-05,0.000278784,1
shell,5,1,0.000137586,0.000278784,1
shells,1,1,2.75171E-05,0.000278784,1
shortcakes,1,1,2.75171E-05,0.000278784,1
similar,6,1,0.000165103,0.000278784,1
singe,1,1,2.75171E-05,0.000278784,1
sip,2,1,5.50343E-05,0.000278784,1
skor,1,1,2.75171E-05,0.000278784,1
slice,4,1,0.000110069,0.000278784,1
sliced,2,1,5.50343E-05,0.000278784,1
sloppy,3,1,8.25514E-05,0.000278784,1
slushy,1,1,2.75171E-05,0.000278784,1
smoked,8,1,0.000220137,0.000278784,1
soba,1,1,2.75171E-05,0.000278784,1
socks,1,1,2.75171E-05,0.000278784,1
soda,6,1,0.000165103,0.000278784,1
sole,1,1,2.75171E-05,0.000278784,1
sometimes,6,1,0.000165103,0.000278784,1
soon,4,1,0.000110069,0.000278784,1
sorry,1,1,2.75171E-05,0.000278784,1
soups,4,1,0.000110069,0.000278784,1
sour,6,1,0.000165103,0.000278784,1
specialized,2,1,5.50343E-05,0.000278784,1
specials,9,1,0.000247654,0.000278784,1
spiciness,1,1,2.75171E-05,0.000278784,1
spin,2,1,5.50343E-05,0.000278784,1
spot,8,1,0.000220137,0.000278784,1
stacked,3,1,8.25514E-05,0.000278784,1
states,2,1,5.50343E-05,0.000278784,1
status,1,1,2.75171E-05,0.000278784,1
stealing,1,1,2.75171E-05,0.000278784,1
stick,3,1,8.25514E-05,0.000278784,1
stomach,4,1,0.000110069,0.000278784,1
stone,1,1,2.75171E-05,0.000278784,1
stories,2,1,5.50343E-05,0.000278784,1
strawberry,5,1,0.000137586,0.000278784,1
sum,5,1,0.000137586,0.000278784,1
summer,6,1,0.000165103,0.000278784,1
sumo,2,1,5.50343E-05,0.000278784,1
sundays,4,1,0.000110069,0.000278784,1
surfing,1,1,2.75171E-05,0.000278784,1
surrounded,1,1,2.75171E-05,0.000278784,1
syrup,8,1,0.000220137,0.000278784,1
taco,4,1,0.000110069,0.000278784,1
takeout,9,1,0.000247654,0.000278784,1
tart,3,1,8.25514E-05,0.000278784,1
technically,2,1,5.50343E-05,0.000278784,1
teeth,5,1,0.000137586,0.000278784,1
teriyaki,1,1,2.75171E-05,0.000278784,1
terms,6,1,0.000165103,0.000278784,1
texture,6,1,0.000165103,0.000278784,1
thai,8,1,0.000220137,0.000278784,1
thoughthe,1,1,2.75171E-05,0.000278784,1
thrown,2,1,5.50343E-05,0.000278784,1
thursday,3,1,8.25514E-05,0.000278784,1
tidbits,1,1,2.75171E-05,0.000278784,1
tiny,7,1,0.00019262,0.000278784,1
tobiko,1,1,2.75171E-05,0.000278784,1
toenails,2,1,5.50343E-05,0.000278784,1
toity,1,1,2.75171E-05,0.000278784,1
tomatoes,5,1,0.000137586,0.000278784,1
toronto,10,1,0.000275171,0.000278784,1
tossed,2,1,5.50343E-05,0.000278784,1
total,7,1,0.00019262,0.000278784,1
treats,6,1,0.000165103,0.000278784,1
truth,1,1,2.75171E-05,0.000278784,1
turkey,1,1,2.75171E-05,0.000278784,1
turmeric,1,1,2.75171E-05,0.000278784,1
twilight,1,1,2.75171E-05,0.000278784,1
typical,9,1,0.000247654,0.000278784,1
undercooked,2,1,5.50343E-05,0.000278784,1
underworld,1,1,2.75171E-05,0.000278784,1
unfortunately,5,1,0.000137586,0.000278784,1
unique,6,1,0.000165103,0.000278784,1
unmatched,1,1,2.75171E-05,0.000278784,1
upgrade,3,1,8.25514E-05,0.000278784,1
urge,1,1,2.75171E-05,0.000278784,1
varieties,6,1,0.000165103,0.000278784,1
veg,2,1,5.50343E-05,0.000278784,1
veggies,6,1,0.000165103,0.000278784,1
vocals,1,1,2.75171E-05,0.000278784,1
waiting,10,1,0.000275171,0.000278784,1
waitresses,1,1,2.75171E-05,0.000278784,1
wall,9,1,0.000247654,0.000278784,1
wasabi,2,1,5.50343E-05,0.000278784,1
watch,5,1,0.000137586,0.000278784,1
website,2,1,5.50343E-05,0.000278784,1
week,7,1,0.00019262,0.000278784,1
werent,10,1,0.000275171,0.000278784,1
whenever,5,1,0.000137586,0.000278784,1
whiz,1,1,2.75171E-05,0.000278784,1
whose,1,1,2.75171E-05,0.000278784,1
wide,2,1,5.50343E-05,0.000278784,1
wing,1,1,2.75171E-05,0.000278784,1
working,7,1,0.00019262,0.000278784,1
works,9,1,0.000247654,0.000278784,1
worst,5,1,0.000137586,0.000278784,1
yall,3,1,8.25514E-05,0.000278784,1
yuck,1,1,2.75171E-05,0.000278784,1
yum,6,1,0.000165103,0.000278784,1
zero,5,1,0.000137586,0.000278784,1
TRUE,2,1,5.50343E-05,0.000278784,1
the,2324,129,0.063949809,0.0359632,0
a,1499,71,0.041248177,0.019793699,0
to,1092,65,0.030048705,0.018120992,0
i,743,57,0.020445227,0.015890716,0
for,599,54,0.016482761,0.015054363,0
of,862,52,0.023719766,0.014496794,0
but,456,42,0.012547811,0.011708949,0
it,664,41,0.018271374,0.011430164,0
in,538,36,0.014804216,0.010036242,0
had,322,29,0.008860516,0.00808475,0
not,281,25,0.007732313,0.006969612,0
so,270,23,0.007429625,0.006412043,0
my,307,22,0.008447759,0.006133259,0
you,374,22,0.010291406,0.006133259,0
place,340,20,0.009355824,0.00557569,0
have,295,19,0.008117553,0.005296905,0
food,293,18,0.008062519,0.005018121,0
they,286,18,0.007869899,0.005018121,0
this,349,16,0.009603478,0.004460552,0
one,170,14,0.004677912,0.003902983,0
there,180,14,0.004953083,0.003902983,0
very,186,13,0.005118186,0.003624198,0
be,231,12,0.006356457,0.003345414,0
from,146,12,0.004017501,0.003345414,0
all,135,11,0.003714812,0.003066629,0
at,215,11,0.005916183,0.003066629,0
just,178,11,0.004898049,0.003066629,0
if,166,10,0.004567843,0.002787845,0
really,156,10,0.004292672,0.002787845,0
their,129,10,0.00354971,0.002787845,0
good,292,8,0.008035002,0.002230276,0
got,86,8,0.002366473,0.002230276,0
like,166,8,0.004567843,0.002230276,0
no,82,8,0.002256405,0.002230276,0
try,99,8,0.002724196,0.002230276,0
when,108,8,0.00297185,0.002230276,0
about,101,7,0.00277923,0.001951491,0
also,111,7,0.003054401,0.001951491,0
its,159,7,0.004375224,0.001951491,0
than,77,7,0.002118819,0.001951491,0
two,91,7,0.002504059,0.001951491,0
again,63,6,0.001733579,0.001672707,0
an,118,6,0.003247021,0.001672707,0
bit,63,6,0.001733579,0.001672707,0
get,133,6,0.003659778,0.001672707,0
go,128,6,0.003522193,0.001672707,0
has,79,6,0.002173853,0.001672707,0
more,110,6,0.003026884,0.001672707,0
options,61,6,0.001678545,0.001672707,0
out,182,6,0.005008118,0.001672707,0
service,118,6,0.003247021,0.001672707,0
some,136,6,0.00374233,0.001672707,0
would,152,6,0.004182604,0.001672707,0
your,152,6,0.004182604,0.001672707,0
because,95,5,0.002614127,0.001393922,0
by,98,5,0.002696679,0.001393922,0
few,56,5,0.001540959,0.001393922,0
order,98,5,0.002696679,0.001393922,0
other,82,5,0.002256405,0.001393922,0
since,59,5,0.001623511,0.001393922,0
wasnt,61,5,0.001678545,0.001393922,0
after,51,4,0.001403374,0.001115138,0
around,55,4,0.001513442,0.001115138,0
back,113,4,0.003109436,0.001115138,0
come,56,4,0.001540959,0.001115138,0
dont,81,4,0.002228887,0.001115138,0
even,71,4,0.001953716,0.001115138,0
great,115,4,0.00316447,0.001115138,0
im,80,4,0.00220137,0.001115138,0
little,117,4,0.003219504,0.001115138,0
much,85,4,0.002338956,0.001115138,0
nice,91,4,0.002504059,0.001115138,0
pretty,67,4,0.001843648,0.001115138,0
said,55,4,0.001513442,0.001115138,0
side,63,4,0.001733579,0.001115138,0
think,62,4,0.001706062,0.001115138,0
though,56,4,0.001540959,0.001115138,0
wait,45,4,0.001238271,0.001115138,0
well,83,4,0.002283922,0.001115138,0
bread,36,3,0.000990617,0.000836353,0
burger,50,3,0.001375856,0.000836353,0
can,80,3,0.00220137,0.000836353,0
cheese,66,3,0.001816131,0.000836353,0
did,45,3,0.001238271,0.000836353,0
didnt,67,3,0.001843648,0.000836353,0
dinner,44,3,0.001210754,0.000836353,0
drinks,54,3,0.001485925,0.000836353,0
friend,36,3,0.000990617,0.000836353,0
ive,47,3,0.001293305,0.000836353,0
looking,50,3,0.001375856,0.000836353,0
made,48,3,0.001320822,0.000836353,0
make,70,3,0.001926199,0.000836353,0
never,48,3,0.001320822,0.000836353,0
night,35,3,0.0009631,0.000836353,0
ordered,133,3,0.003659778,0.000836353,0
our,113,3,0.003109436,0.000836353,0
over,58,3,0.001595994,0.000836353,0
pizza,34,3,0.000935582,0.000836353,0
red,32,3,0.000880548,0.000836353,0
restaurant,57,3,0.001568476,0.000836353,0
salad,42,3,0.001155719,0.000836353,0
thats,31,3,0.000853031,0.000836353,0
them,87,3,0.00239399,0.000836353,0
then,46,3,0.001265788,0.000836353,0
took,37,3,0.001018134,0.000836353,0
tried,46,3,0.001265788,0.000836353,0
up,154,3,0.004237638,0.000836353,0
us,84,3,0.002311439,0.000836353,0
while,33,3,0.000908065,0.000836353,0
although,24,2,0.000660411,0.000557569,0
amazing,27,2,0.000742962,0.000557569,0
asked,32,2,0.000880548,0.000557569,0
away,41,2,0.001128202,0.000557569,0
bad,51,2,0.001403374,0.000557569,0
been,82,2,0.002256405,0.000557569,0
breakfast,30,2,0.000825514,0.000557569,0
cant,49,2,0.001348339,0.000557569,0
chocolate,28,2,0.00077048,0.000557569,0
could,54,2,0.001485925,0.000557569,0
does,21,2,0.00057786,0.000557569,0
eat,40,2,0.001100685,0.000557569,0
especially,34,2,0.000935582,0.000557569,0
excellent,23,2,0.000632894,0.000557569,0
experience,44,2,0.001210754,0.000557569,0
first,35,2,0.0009631,0.000557569,0
friendly,54,2,0.001485925,0.000557569,0
friends,32,2,0.000880548,0.000557569,0
give,59,2,0.001623511,0.000557569,0
group,25,2,0.000687928,0.000557569,0
he,32,2,0.000880548,0.000557569,0
hot,40,2,0.001100685,0.000557569,0
how,40,2,0.001100685,0.000557569,0
inside,24,2,0.000660411,0.000557569,0
into,44,2,0.001210754,0.000557569,0
kind,27,2,0.000742962,0.000557569,0
know,42,2,0.001155719,0.000557569,0
lot,39,2,0.001073168,0.000557569,0
love,43,2,0.001183237,0.000557569,0
lunch,41,2,0.001128202,0.000557569,0
me,160,2,0.004402741,0.000557569,0
most,33,2,0.000908065,0.000557569,0
nothing,32,2,0.000880548,0.000557569,0
pasta,28,2,0.00077048,0.000557569,0
people,67,2,0.001843648,0.000557569,0
pork,33,2,0.000908065,0.000557569,0
probably,33,2,0.000908065,0.000557569,0
same,31,2,0.000853031,0.000557569,0
served,24,2,0.000660411,0.000557569,0
should,29,2,0.000797997,0.000557569,0
size,22,2,0.000605377,0.000557569,0
small,47,2,0.001293305,0.000557569,0
street,21,2,0.00057786,0.000557569,0
sure,60,2,0.001651028,0.000557569,0
take,45,2,0.001238271,0.000557569,0
tasty,25,2,0.000687928,0.000557569,0
too,68,2,0.001871165,0.000557569,0
vegetarian,33,2,0.000908065,0.000557569,0
want,50,2,0.001375856,0.000557569,0
what,92,2,0.002531576,0.000557569,0
work,21,2,0.00057786,0.000557569,0
worth,33,2,0.000908065,0.000557569,0
ago,14,1,0.00038524,0.000278784,0
almost,16,1,0.000440274,0.000278784,0
always,48,1,0.001320822,0.000278784,0
am,25,1,0.000687928,0.000278784,0
another,31,1,0.000853031,0.000278784,0
anything,23,1,0.000632894,0.000278784,0
ask,15,1,0.000412757,0.000278784,0
beans,11,1,0.000302688,0.000278784,0
being,31,1,0.000853031,0.000278784,0
best,45,1,0.001238271,0.000278784,0
big,36,1,0.000990617,0.000278784,0
black,14,1,0.00038524,0.000278784,0
bland,38,1,0.001045651,0.000278784,0
bring,23,1,0.000632894,0.000278784,0
brunch,20,1,0.000550343,0.000278784,0
burrito,12,1,0.000330206,0.000278784,0
busy,24,1,0.000660411,0.000278784,0
call,14,1,0.00038524,0.000278784,0
coffee,27,1,0.000742962,0.000278784,0
curry,11,1,0.000302688,0.000278784,0
day,36,1,0.000990617,0.000278784,0
deal,22,1,0.000605377,0.000278784,0
decor,18,1,0.000495308,0.000278784,0
disappointed,12,1,0.000330206,0.000278784,0
done,22,1,0.000605377,0.000278784,0
down,42,1,0.001155719,0.000278784,0
dry,17,1,0.000467791,0.000278784,0
eaten,15,1,0.000412757,0.000278784,0
eating,19,1,0.000522825,0.000278784,0
enjoy,17,1,0.000467791,0.000278784,0
enough,40,1,0.001100685,0.000278784,0
excited,14,1,0.00038524,0.000278784,0
fact,21,1,0.00057786,0.000278784,0
fantastic,18,1,0.000495308,0.000278784,0
far,30,1,0.000825514,0.000278784,0
fast,32,1,0.000880548,0.000278784,0
feel,29,1,0.000797997,0.000278784,0
find,22,1,0.000605377,0.000278784,0
fish,16,1,0.000440274,0.000278784,0
flavor,43,1,0.001183237,0.000278784,0
flavour,15,1,0.000412757,0.000278784,0
found,33,1,0.000908065,0.000278784,0
free,14,1,0.00038524,0.000278784,0
fresh,33,1,0.000908065,0.000278784,0
fun,21,1,0.00057786,0.000278784,0
garlic,12,1,0.000330206,0.000278784,0
glass,11,1,0.000302688,0.000278784,0
going,35,1,0.0009631,0.000278784,0
half,21,1,0.00057786,0.000278784,0
hard,23,1,0.000632894,0.000278784,0
having,13,1,0.000357723,0.000278784,0
healthy,12,1,0.000330206,0.000278784,0
helpful,16,1,0.000440274,0.000278784,0
him,14,1,0.00038524,0.000278784,0
his,28,1,0.00077048,0.000278784,0
hour,24,1,0.000660411,0.000278784,0
hours,12,1,0.000330206,0.000278784,0
huge,29,1,0.000797997,0.000278784,0
ill,30,1,0.000825514,0.000278784,0
isnt,21,1,0.00057786,0.000278784,0
italian,15,1,0.000412757,0.000278784,0
juice,12,1,0.000330206,0.000278784,0
large,29,1,0.000797997,0.000278784,0
later,15,1,0.000412757,0.000278784,0
leave,15,1,0.000412757,0.000278784,0
location,17,1,0.000467791,0.000278784,0
long,41,1,0.001128202,0.000278784,0
looked,21,1,0.00057786,0.000278784,0
lots,12,1,0.000330206,0.000278784,0
main,13,1,0.000357723,0.000278784,0
maybe,26,1,0.000715445,0.000278784,0
mexican,27,1,0.000742962,0.000278784,0
might,16,1,0.000440274,0.000278784,0
minutes,18,1,0.000495308,0.000278784,0
myself,14,1,0.00038524,0.000278784,0
near,13,1,0.000357723,0.000278784,0
need,36,1,0.000990617,0.000278784,0
next,23,1,0.000632894,0.000278784,0
off,55,1,0.001513442,0.000278784,0
only,90,1,0.002476542,0.000278784,0
open,20,1,0.000550343,0.000278784,0
ordering,23,1,0.000632894,0.000278784,0
orders,13,1,0.000357723,0.000278784,0
overall,20,1,0.000550343,0.000278784,0
plate,15,1,0.000412757,0.000278784,0
platter,11,1,0.000302688,0.000278784,0
portion,22,1,0.000605377,0.000278784,0
portions,19,1,0.000522825,0.000278784,0
potato,16,1,0.000440274,0.000278784,0
poutine,19,1,0.000522825,0.000278784,0
prepared,12,1,0.000330206,0.000278784,0
price,27,1,0.000742962,0.000278784,0
pricey,15,1,0.000412757,0.000278784,0
put,12,1,0.000330206,0.000278784,0
quick,22,1,0.000605377,0.000278784,0
quite,38,1,0.001045651,0.000278784,0
remember,14,1,0.00038524,0.000278784,0
reviews,28,1,0.00077048,0.000278784,0
right,31,1,0.000853031,0.000278784,0
run,12,1,0.000330206,0.000278784,0
salt,14,1,0.00038524,0.000278784,0
say,33,1,0.000908065,0.000278784,0
seat,11,1,0.000302688,0.000278784,0
seated,15,1,0.000412757,0.000278784,0
seating,11,1,0.000302688,0.000278784,0
see,35,1,0.0009631,0.000278784,0
seems,14,1,0.00038524,0.000278784,0
seriously,15,1,0.000412757,0.000278784,0
server,25,1,0.000687928,0.000278784,0
share,11,1,0.000302688,0.000278784,0
something,50,1,0.001375856,0.000278784,0
sort,15,1,0.000412757,0.000278784,0
staff,44,1,0.001210754,0.000278784,0
still,29,1,0.000797997,0.000278784,0
stop,18,1,0.000495308,0.000278784,0
strip,18,1,0.000495308,0.000278784,0
sweet,27,1,0.000742962,0.000278784,0
tables,20,1,0.000550343,0.000278784,0
ten,12,1,0.000330206,0.000278784,0
theres,16,1,0.000440274,0.000278784,0
these,26,1,0.000715445,0.000278784,0
thinking,11,1,0.000302688,0.000278784,0
thought,27,1,0.000742962,0.000278784,0
told,14,1,0.00038524,0.000278784,0
town,14,1,0.00038524,0.000278784,0
until,18,1,0.000495308,0.000278784,0
variety,12,1,0.000330206,0.000278784,0
vibe,13,1,0.000357723,0.000278784,0
wanted,22,1,0.000605377,0.000278784,0
water,18,1,0.000495308,0.000278784,0
way,52,1,0.001430891,0.000278784,0
who,45,1,0.001238271,0.000278784,0
why,33,1,0.000908065,0.000278784,0
wings,18,1,0.000495308,0.000278784,0
wont,20,1,0.000550343,0.000278784,0
youre,63,1,0.001733579,0.000278784,0